<?xml version="1.0" encoding="UTF-8" standalone="yes" ?>
<addon id="plugin.video.bulsat" name="Bulsatcom Service" version="0.0.1" provider-name="coolj">
  <requires>
    <import addon="xbmc.python" version="2.1.0"/>
    <import addon="script.module.requests" version="1.1.0"/>
    <import addon="script.module.garepobg" version="0.1.0"/>
  </requires>
  <extension point="xbmc.python.pluginsource" library="default.py">
    <provides>video</provides>
  </extension>
  <extension point="xbmc.service" library="service.py" start="startup"/>
  <extension point="xbmc.addon.metadata">
        <summary>Bulsatcom for kodi</summary>
        <summary lang="en">Addon for watching Fusion from bulsat.com</summary>
        <description lang="en">It is not official addon from provider. It was made just for fun. You were warned.</description>
        <disclaimer lang="en">Some parts of this addon may not be legal in your country of residence - please check with your local laws before installing.</disclaimer>
        <language>en</language>
        <platform>all</platform>
        <forum></forum>
        <forum>http://forum.kodi.tv/showthread.php?tid=195322</forum>
        <website>https://github.com/kodi1/plugin.video.bulsatcom</website>
  </extension>
</addon>
